t,median,q05,q95,q25,q75
0.000000000000000000e+00,0.000000000000000000e+00,0.000000000000000000e+00,0.000000000000000000e+00,0.000000000000000000e+00,0.000000000000000000e+00
1.000000000000000000e+00,4.114173220247690499e-01,4.114173220247690499e-01,4.114173220247690499e-01,4.114173220247690499e-01,4.114173220247690499e-01
2.000000000000000000e+00,4.058679696678044735e-01,4.058679696678044735e-01,4.058679696678044735e-01,4.058679696678044735e-01,4.058679696678044735e-01
3.000000000000000000e+00,4.354485767276836672e-01,4.354485767276836672e-01,4.354485767276836672e-01,4.354485767276836672e-01,4.354485767276836672e-01
4.000000000000000000e+00,4.547413783302987622e-01,4.547413783302987622e-01,4.547413783302987622e-01,4.547413783302987622e-01,4.547413783302987622e-01
5.000000000000000000e+00,3.130193897146277271e-01,3.130193897146277271e-01,3.130193897146277271e-01,3.130193897146277271e-01,3.130193897146277271e-01
6.000000000000000000e+00,4.095022615169632285e-01,4.095022615169632285e-01,4.095022615169632285e-01,4.095022615169632285e-01,4.095022615169632285e-01
7.000000000000000000e+00,4.504716970507742779e-01,4.504716970507742779e-01,4.504716970507742779e-01,4.504716970507742779e-01,4.504716970507742779e-01
8.000000000000000000e+00,4.398826966572355057e-01,4.398826966572355057e-01,4.398826966572355057e-01,4.398826966572355057e-01,4.398826966572355057e-01
9.000000000000000000e+00,4.192708322414822053e-01,4.192708322414822053e-01,4.192708322414822053e-01,4.192708322414822053e-01,4.192708322414822053e-01
1.000000000000000000e+01,4.149484525387926448e-01,4.149484525387926448e-01,4.149484525387926448e-01,4.149484525387926448e-01,4.149484525387926448e-01
1.100000000000000000e+01,4.228855710873493101e-01,4.228855710873493101e-01,4.228855710873493101e-01,4.228855710873493101e-01,4.228855710873493101e-01
1.200000000000000000e+01,4.395061717543057300e-01,4.395061717543057300e-01,4.395061717543057300e-01,4.395061717543057300e-01,4.395061717543057300e-01
1.300000000000000000e+01,4.454545444421487699e-01,4.454545444421487699e-01,4.454545444421487699e-01,4.454545444421487699e-01,4.454545444421487699e-01
1.400000000000000000e+01,3.359580043675642891e-01,3.359580043675642891e-01,3.359580043675642891e-01,3.359580043675642891e-01,3.359580043675642891e-01
1.500000000000000000e+01,4.543689311565651812e-01,4.543689311565651812e-01,4.543689311565651812e-01,4.543689311565651812e-01,4.543689311565651812e-01
1.600000000000000000e+01,3.848101256080756483e-01,3.848101256080756483e-01,3.848101256080756483e-01,3.848101256080756483e-01,3.848101256080756483e-01
1.700000000000000000e+01,4.473161024904252492e-01,4.473161024904252492e-01,4.473161024904252492e-01,4.473161024904252492e-01,4.473161024904252492e-01
1.800000000000000000e+01,3.189368760168210248e-01,3.189368760168210248e-01,3.189368760168210248e-01,3.189368760168210248e-01,3.189368760168210248e-01
1.900000000000000000e+01,2.580645155740547980e-01,2.580645155740547980e-01,2.580645155740547980e-01,2.580645155740547980e-01,2.580645155740547980e-01
2.000000000000000000e+01,3.015873007894515623e-01,3.015873007894515623e-01,3.015873007894515623e-01,3.015873007894515623e-01,3.015873007894515623e-01
2.100000000000000000e+01,2.887139100033755401e-01,2.887139100033755401e-01,2.887139100033755401e-01,2.887139100033755401e-01,2.887139100033755401e-01
2.200000000000000000e+01,2.739726019891161601e-01,2.739726019891161601e-01,2.739726019891161601e-01,2.739726019891161601e-01,2.739726019891161601e-01
2.300000000000000000e+01,3.059071723504068196e-01,3.059071723504068196e-01,3.059071723504068196e-01,3.059071723504068196e-01,3.059071723504068196e-01
2.400000000000000000e+01,3.145780043105421697e-01,3.145780043105421697e-01,3.145780043105421697e-01,3.145780043105421697e-01,3.145780043105421697e-01
2.500000000000000000e+01,2.533333327703704008e-01,2.533333327703704008e-01,2.533333327703704008e-01,2.533333327703704008e-01,2.533333327703704008e-01
2.600000000000000000e+01,2.485207095689926926e-01,2.485207095689926926e-01,2.485207095689926926e-01,2.485207095689926926e-01,2.485207095689926926e-01
2.700000000000000000e+01,2.370062365135005567e-01,2.370062365135005567e-01,2.370062365135005567e-01,2.370062365135005567e-01,2.370062365135005567e-01
2.800000000000000000e+01,2.439613520677262060e-01,2.439613520677262060e-01,2.439613520677262060e-01,2.439613520677262060e-01,2.439613520677262060e-01
2.900000000000000000e+01,2.196796333645774923e-01,2.196796333645774923e-01,2.196796333645774923e-01,2.196796333645774923e-01,2.196796333645774923e-01
3.000000000000000000e+01,2.526997834714907465e-01,2.526997834714907465e-01,2.526997834714907465e-01,2.526997834714907465e-01,2.526997834714907465e-01
3.100000000000000000e+01,1.815789468905817106e-01,1.815789468905817106e-01,1.815789468905817106e-01,1.815789468905817106e-01,1.815789468905817106e-01
3.200000000000000000e+01,2.334217500439741411e-01,2.334217500439741411e-01,2.334217500439741411e-01,2.334217500439741411e-01,2.334217500439741411e-01
3.300000000000000000e+01,2.394014956623404244e-01,2.394014956623404244e-01,2.394014956623404244e-01,2.394014956623404244e-01,2.394014956623404244e-01
3.400000000000000000e+01,2.235023036324831625e-01,2.235023036324831625e-01,2.235023036324831625e-01,2.235023036324831625e-01,2.235023036324831625e-01
3.500000000000000000e+01,2.511737083305781715e-01,2.511737083305781715e-01,2.511737083305781715e-01,2.511737083305781715e-01,2.511737083305781715e-01
3.600000000000000000e+01,2.180974472897971028e-01,2.180974472897971028e-01,2.180974472897971028e-01,2.180974472897971028e-01,2.180974472897971028e-01
3.700000000000000000e+01,2.523148142307527486e-01,2.523148142307527486e-01,2.523148142307527486e-01,2.523148142307527486e-01,2.523148142307527486e-01
3.800000000000000000e+01,1.719457009684486337e-01,1.719457009684486337e-01,1.719457009684486337e-01,1.719457009684486337e-01,1.719457009684486337e-01
3.900000000000000000e+01,2.125813444412552322e-01,2.125813444412552322e-01,2.125813444412552322e-01,2.125813444412552322e-01,2.125813444412552322e-01
4.000000000000000000e+01,2.312775325302257046e-01,2.312775325302257046e-01,2.312775325302257046e-01,2.312775325302257046e-01,2.312775325302257046e-01
4.100000000000000000e+01,2.279069762141698319e-01,2.279069762141698319e-01,2.279069762141698319e-01,2.279069762141698319e-01,2.279069762141698319e-01
4.200000000000000000e+01,2.134292560829034735e-01,2.134292560829034735e-01,2.134292560829034735e-01,2.134292560829034735e-01,2.134292560829034735e-01
4.300000000000000000e+01,1.857142852721088422e-01,1.857142852721088422e-01,1.857142852721088422e-01,1.857142852721088422e-01,1.857142852721088422e-01
4.400000000000000000e+01,2.235872230378692371e-01,2.235872230378692371e-01,2.235872230378692371e-01,2.235872230378692371e-01,2.235872230378692371e-01
4.500000000000000000e+01,1.473684206648199491e-01,1.473684206648199491e-01,1.473684206648199491e-01,1.473684206648199491e-01,1.473684206648199491e-01
4.600000000000000000e+01,2.320987648590153996e-01,2.320987648590153996e-01,2.320987648590153996e-01,2.320987648590153996e-01,2.320987648590153996e-01
4.700000000000000000e+01,2.019230764376849230e-01,2.019230764376849230e-01,2.019230764376849230e-01,2.019230764376849230e-01,2.019230764376849230e-01
4.800000000000000000e+01,2.148148142844078790e-01,2.148148142844078790e-01,2.148148142844078790e-01,2.148148142844078790e-01,2.148148142844078790e-01
4.900000000000000000e+01,2.472406175557602392e-01,2.472406175557602392e-01,2.472406175557602392e-01,2.472406175557602392e-01,2.472406175557602392e-01
5.000000000000000000e+01,1.832229576529294524e-01,1.832229576529294524e-01,1.832229576529294524e-01,1.832229576529294524e-01,1.832229576529294524e-01
5.100000000000000000e+01,1.973684206198060842e-01,1.973684206198060842e-01,1.973684206198060842e-01,1.973684206198060842e-01,1.973684206198060842e-01
5.200000000000000000e+01,1.940928265947408637e-01,1.940928265947408637e-01,1.940928265947408637e-01,1.940928265947408637e-01,1.940928265947408637e-01
5.300000000000000000e+01,1.964285709274781466e-01,1.964285709274781466e-01,1.964285709274781466e-01,1.964285709274781466e-01,1.964285709274781466e-01
5.400000000000000000e+01,1.777251180622627658e-01,1.777251180622627658e-01,1.777251180622627658e-01,1.777251180622627658e-01,1.777251180622627658e-01
5.500000000000000000e+01,1.878172584065551931e-01,1.878172584065551931e-01,1.878172584065551931e-01,1.878172584065551931e-01,1.878172584065551931e-01
5.600000000000000000e+01,1.658653842166697423e-01,1.658653842166697423e-01,1.658653842166697423e-01,1.658653842166697423e-01,1.658653842166697423e-01
5.700000000000000000e+01,1.910994759395301668e-01,1.910994759395301668e-01,1.910994759395301668e-01,1.910994759395301668e-01,1.910994759395301668e-01
5.800000000000000000e+01,1.485714281469387721e-01,1.485714281469387721e-01,1.485714281469387721e-01,1.485714281469387721e-01,1.485714281469387721e-01
5.900000000000000000e+01,1.979166661512586911e-01,1.979166661512586911e-01,1.979166661512586911e-01,1.979166661512586911e-01,1.979166661512586911e-01
6.000000000000000000e+01,1.816091949848064602e-01,1.816091949848064602e-01,1.816091949848064602e-01,1.816091949848064602e-01,1.816091949848064602e-01
6.100000000000000000e+01,1.947483584359992193e-01,1.947483584359992193e-01,1.947483584359992193e-01,1.947483584359992193e-01,1.947483584359992193e-01
6.200000000000000000e+01,1.733615218322166474e-01,1.733615218322166474e-01,1.733615218322166474e-01,1.733615218322166474e-01,1.733615218322166474e-01
6.300000000000000000e+01,1.777251180622627658e-01,1.777251180622627658e-01,1.777251180622627658e-01,1.777251180622627658e-01,1.777251180622627658e-01
6.400000000000000000e+01,1.713665939883587952e-01,1.713665939883587952e-01,1.713665939883587952e-01,1.713665939883587952e-01,1.713665939883587952e-01
6.500000000000000000e+01,1.734234230328301207e-01,1.734234230328301207e-01,1.734234230328301207e-01,1.734234230328301207e-01,1.734234230328301207e-01
6.600000000000000000e+01,1.505882349397923980e-01,1.505882349397923980e-01,1.505882349397923980e-01,1.505882349397923980e-01,1.505882349397923980e-01
6.700000000000000000e+01,1.836228283284793428e-01,1.836228283284793428e-01,1.836228283284793428e-01,1.836228283284793428e-01,1.836228283284793428e-01
6.800000000000000000e+01,1.626794254481353508e-01,1.626794254481353508e-01,1.626794254481353508e-01,1.626794254481353508e-01,1.626794254481353508e-01
6.900000000000000000e+01,1.421568623966743550e-01,1.421568623966743550e-01,1.421568623966743550e-01,1.421568623966743550e-01,1.421568623966743550e-01
7.000000000000000000e+01,1.530864193750952618e-01,1.530864193750952618e-01,1.530864193750952618e-01,1.530864193750952618e-01,1.530864193750952618e-01
7.100000000000000000e+01,1.931540337575695931e-01,1.931540337575695931e-01,1.931540337575695931e-01,1.931540337575695931e-01,1.931540337575695931e-01
7.200000000000000000e+01,1.650246301354073297e-01,1.650246301354073297e-01,1.650246301354073297e-01,1.650246301354073297e-01,1.650246301354073297e-01
7.300000000000000000e+01,1.750599516185612770e-01,1.750599516185612770e-01,1.750599516185612770e-01,1.750599516185612770e-01,1.750599516185612770e-01
7.400000000000000000e+01,1.356673957644039530e-01,1.356673957644039530e-01,1.356673957644039530e-01,1.356673957644039530e-01,1.356673957644039530e-01
7.500000000000000000e+01,1.546840955235640747e-01,1.546840955235640747e-01,1.546840955235640747e-01,1.546840955235640747e-01,1.546840955235640747e-01
7.600000000000000000e+01,1.599999996235294264e-01,1.599999996235294264e-01,1.599999996235294264e-01,1.599999996235294264e-01,1.599999996235294264e-01
7.700000000000000000e+01,1.681415925483593088e-01,1.681415925483593088e-01,1.681415925483593088e-01,1.681415925483593088e-01,1.681415925483593088e-01
7.800000000000000000e+01,1.725888320492669215e-01,1.725888320492669215e-01,1.725888320492669215e-01,1.725888320492669215e-01,1.725888320492669215e-01
7.900000000000000000e+01,1.421319793346904059e-01,1.421319793346904059e-01,1.421319793346904059e-01,1.421319793346904059e-01,1.421319793346904059e-01
8.000000000000000000e+01,1.932367145090900518e-01,1.932367145090900518e-01,1.932367145090900518e-01,1.932367145090900518e-01,1.932367145090900518e-01
8.100000000000000000e+01,1.331592685818295818e-01,1.331592685818295818e-01,1.331592685818295818e-01,1.331592685818295818e-01,1.331592685818295818e-01
8.200000000000000000e+01,1.820448873265713419e-01,1.820448873265713419e-01,1.820448873265713419e-01,1.820448873265713419e-01,1.820448873265713419e-01
8.300000000000000000e+01,1.521197003687788096e-01,1.521197003687788096e-01,1.521197003687788096e-01,1.521197003687788096e-01,1.521197003687788096e-01
8.400000000000000000e+01,1.659388642665090285e-01,1.659388642665090285e-01,1.659388642665090285e-01,1.659388642665090285e-01,1.659388642665090285e-01
8.500000000000000000e+01,1.422121892952320776e-01,1.422121892952320776e-01,1.422121892952320776e-01,1.422121892952320776e-01,1.422121892952320776e-01
8.600000000000000000e+01,1.409090905888429890e-01,1.409090905888429890e-01,1.409090905888429890e-01,1.409090905888429890e-01,1.409090905888429890e-01
8.700000000000000000e+01,1.257731956169624854e-01,1.257731956169624854e-01,1.257731956169624854e-01,1.257731956169624854e-01,1.257731956169624854e-01
8.800000000000000000e+01,1.346938772761349379e-01,1.346938772761349379e-01,1.346938772761349379e-01,1.346938772761349379e-01,1.346938772761349379e-01
8.900000000000000000e+01,1.453634081569839531e-01,1.453634081569839531e-01,1.453634081569839531e-01,1.453634081569839531e-01,1.453634081569839531e-01
9.000000000000000000e+01,1.345707653490237354e-01,1.345707653490237354e-01,1.345707653490237354e-01,1.345707653490237354e-01,1.345707653490237354e-01
9.100000000000000000e+01,1.274509800797770098e-01,1.274509800797770098e-01,1.274509800797770098e-01,1.274509800797770098e-01,1.274509800797770098e-01
9.200000000000000000e+01,1.339712915455232300e-01,1.339712915455232300e-01,1.339712915455232300e-01,1.339712915455232300e-01,1.339712915455232300e-01
9.300000000000000000e+01,1.536388136020517270e-01,1.536388136020517270e-01,1.536388136020517270e-01,1.536388136020517270e-01,1.536388136020517270e-01
9.400000000000000000e+01,1.623711336021362583e-01,1.623711336021362583e-01,1.623711336021362583e-01,1.623711336021362583e-01,1.623711336021362583e-01
9.500000000000000000e+01,1.502242149098111657e-01,1.502242149098111657e-01,1.502242149098111657e-01,1.502242149098111657e-01,1.502242149098111657e-01
9.600000000000000000e+01,1.506849311628197796e-01,1.506849311628197796e-01,1.506849311628197796e-01,1.506849311628197796e-01,1.506849311628197796e-01
9.700000000000000000e+01,1.507760528807626232e-01,1.507760528807626232e-01,1.507760528807626232e-01,1.507760528807626232e-01,1.507760528807626232e-01
9.800000000000000000e+01,0.000000000000000000e+00,0.000000000000000000e+00,0.000000000000000000e+00,0.000000000000000000e+00,0.000000000000000000e+00
9.900000000000000000e+01,1.757575754025099413e-01,1.757575754025099413e-01,1.757575754025099413e-01,1.757575754025099413e-01,1.757575754025099413e-01
1.000000000000000000e+02,1.792452825961196039e-01,1.792452825961196039e-01,1.792452825961196039e-01,1.792452825961196039e-01,1.792452825961196039e-01
1.010000000000000000e+02,1.246943762232411296e-01,1.246943762232411296e-01,1.246943762232411296e-01,1.246943762232411296e-01,1.246943762232411296e-01
1.020000000000000000e+02,1.859903377149991766e-01,1.859903377149991766e-01,1.859903377149991766e-01,1.859903377149991766e-01,1.859903377149991766e-01
1.030000000000000000e+02,9.330143518348939236e-02,9.330143518348939236e-02,9.330143518348939236e-02,9.330143518348939236e-02,9.330143518348939236e-02
1.040000000000000000e+02,1.451990628918054804e-01,1.451990628918054804e-01,1.451990628918054804e-01,1.451990628918054804e-01,1.451990628918054804e-01
1.050000000000000000e+02,9.923664096886350428e-02,9.923664096886350428e-02,9.923664096886350428e-02,9.923664096886350428e-02,9.923664096886350428e-02
1.060000000000000000e+02,1.589595371128336987e-01,1.589595371128336987e-01,1.589595371128336987e-01,1.589595371128336987e-01,1.589595371128336987e-01
1.070000000000000000e+02,1.370558372155943339e-01,1.370558372155943339e-01,1.370558372155943339e-01,1.370558372155943339e-01,1.370558372155943339e-01
1.080000000000000000e+02,1.507760528807626232e-01,1.507760528807626232e-01,1.507760528807626232e-01,1.507760528807626232e-01,1.507760528807626232e-01
1.090000000000000000e+02,1.163895484171269673e-01,1.163895484171269673e-01,1.163895484171269673e-01,1.163895484171269673e-01,1.163895484171269673e-01
1.100000000000000000e+02,1.462882092875803230e-01,1.462882092875803230e-01,1.462882092875803230e-01,1.462882092875803230e-01,1.462882092875803230e-01
1.110000000000000000e+02,0.000000000000000000e+00,0.000000000000000000e+00,0.000000000000000000e+00,0.000000000000000000e+00,0.000000000000000000e+00
1.120000000000000000e+02,1.526104414606216098e-01,1.526104414606216098e-01,1.526104414606216098e-01,1.526104414606216098e-01,1.526104414606216098e-01
1.130000000000000000e+02,1.395348834259304838e-01,1.395348834259304838e-01,1.395348834259304838e-01,1.395348834259304838e-01,1.395348834259304838e-01
1.140000000000000000e+02,1.504424775432688655e-01,1.504424775432688655e-01,1.504424775432688655e-01,1.504424775432688655e-01,1.504424775432688655e-01
1.150000000000000000e+02,0.000000000000000000e+00,0.000000000000000000e+00,0.000000000000000000e+00,0.000000000000000000e+00,0.000000000000000000e+00
1.160000000000000000e+02,1.474654374482363139e-01,1.474654374482363139e-01,1.474654374482363139e-01,1.474654374482363139e-01,1.474654374482363139e-01
1.170000000000000000e+02,1.627906972537708219e-01,1.627906972537708219e-01,1.627906972537708219e-01,1.627906972537708219e-01,1.627906972537708219e-01
1.180000000000000000e+02,0.000000000000000000e+00,0.000000000000000000e+00,0.000000000000000000e+00,0.000000000000000000e+00,0.000000000000000000e+00
1.190000000000000000e+02,1.602870809562509935e-01,1.602870809562509935e-01,1.602870809562509935e-01,1.602870809562509935e-01,1.602870809562509935e-01
1.200000000000000000e+02,1.599045342245715151e-01,1.599045342245715151e-01,1.599045342245715151e-01,1.599045342245715151e-01,1.599045342245715151e-01
1.210000000000000000e+02,0.000000000000000000e+00,0.000000000000000000e+00,0.000000000000000000e+00,0.000000000000000000e+00,0.000000000000000000e+00
1.220000000000000000e+02,1.393442620095404483e-01,1.393442620095404483e-01,1.393442620095404483e-01,1.393442620095404483e-01,1.393442620095404483e-01
1.230000000000000000e+02,1.340909087861570370e-01,1.340909087861570370e-01,1.340909087861570370e-01,1.340909087861570370e-01,1.340909087861570370e-01
1.240000000000000000e+02,1.337719295312018997e-01,1.337719295312018997e-01,1.337719295312018997e-01,1.337719295312018997e-01,1.337719295312018997e-01
1.250000000000000000e+02,9.732360073643891996e-03,9.732360073643891996e-03,9.732360073643891996e-03,9.732360073643891996e-03,9.732360073643891996e-03
1.260000000000000000e+02,1.590361441950936261e-01,1.590361441950936261e-01,1.590361441950936261e-01,1.590361441950936261e-01,1.590361441950936261e-01
1.270000000000000000e+02,1.457286428499280362e-01,1.457286428499280362e-01,1.457286428499280362e-01,1.457286428499280362e-01,1.457286428499280362e-01
1.280000000000000000e+02,0.000000000000000000e+00,0.000000000000000000e+00,0.000000000000000000e+00,0.000000000000000000e+00,0.000000000000000000e+00
1.290000000000000000e+02,1.301204816141675047e-01,1.301204816141675047e-01,1.301204816141675047e-01,1.301204816141675047e-01,1.301204816141675047e-01
1.300000000000000000e+02,1.388888885381593663e-01,1.388888885381593663e-01,1.388888885381593663e-01,1.388888885381593663e-01,1.388888885381593663e-01
1.310000000000000000e+02,1.392405059766063102e-01,1.392405059766063102e-01,1.392405059766063102e-01,1.392405059766063102e-01,1.392405059766063102e-01
1.320000000000000000e+02,0.000000000000000000e+00,0.000000000000000000e+00,0.000000000000000000e+00,0.000000000000000000e+00,0.000000000000000000e+00
1.330000000000000000e+02,1.118421050178901172e-01,1.118421050178901172e-01,1.118421050178901172e-01,1.118421050178901172e-01,1.118421050178901172e-01
1.340000000000000000e+02,1.509900986361631114e-01,1.509900986361631114e-01,1.509900986361631114e-01,1.509900986361631114e-01,1.509900986361631114e-01
1.350000000000000000e+02,1.216814156599968638e-01,1.216814156599968638e-01,1.216814156599968638e-01,1.216814156599968638e-01,1.216814156599968638e-01
1.360000000000000000e+02,0.000000000000000000e+00,0.000000000000000000e+00,0.000000000000000000e+00,0.000000000000000000e+00,0.000000000000000000e+00
1.370000000000000000e+02,1.277056274292086013e-01,1.277056274292086013e-01,1.277056274292086013e-01,1.277056274292086013e-01,1.277056274292086013e-01
1.380000000000000000e+02,1.065989845010178044e-01,1.065989845010178044e-01,1.065989845010178044e-01,1.065989845010178044e-01,1.065989845010178044e-01
1.390000000000000000e+02,0.000000000000000000e+00,0.000000000000000000e+00,0.000000000000000000e+00,0.000000000000000000e+00,0.000000000000000000e+00
1.400000000000000000e+02,1.315789470798707228e-01,1.315789470798707228e-01,1.315789470798707228e-01,1.315789470798707228e-01,1.315789470798707228e-01
1.410000000000000000e+02,1.421319793346904059e-01,1.421319793346904059e-01,1.421319793346904059e-01,1.421319793346904059e-01,1.421319793346904059e-01
1.420000000000000000e+02,0.000000000000000000e+00,0.000000000000000000e+00,0.000000000000000000e+00,0.000000000000000000e+00,0.000000000000000000e+00
1.430000000000000000e+02,1.253012045173464983e-01,1.253012045173464983e-01,1.253012045173464983e-01,1.253012045173464983e-01,1.253012045173464983e-01
1.440000000000000000e+02,1.352657001563630501e-01,1.352657001563630501e-01,1.352657001563630501e-01,1.352657001563630501e-01,1.352657001563630501e-01
1.450000000000000000e+02,0.000000000000000000e+00,0.000000000000000000e+00,0.000000000000000000e+00,0.000000000000000000e+00,0.000000000000000000e+00
1.460000000000000000e+02,1.206140348232148385e-01,1.206140348232148385e-01,1.206140348232148385e-01,1.206140348232148385e-01,1.206140348232148385e-01
1.470000000000000000e+02,1.029082771747018427e-01,1.029082771747018427e-01,1.029082771747018427e-01,1.029082771747018427e-01,1.029082771747018427e-01
1.480000000000000000e+02,1.150442475330879510e-01,1.150442475330879510e-01,1.150442475330879510e-01,1.150442475330879510e-01,1.150442475330879510e-01
1.490000000000000000e+02,0.000000000000000000e+00,0.000000000000000000e+00,0.000000000000000000e+00,0.000000000000000000e+00,0.000000000000000000e+00
1.500000000000000000e+02,1.096491225665589403e-01,1.096491225665589403e-01,1.096491225665589403e-01,1.096491225665589403e-01,1.096491225665589403e-01
1.510000000000000000e+02,9.661835725454502588e-02,9.661835725454502588e-02,9.661835725454502588e-02,9.661835725454502588e-02,9.661835725454502588e-02
1.520000000000000000e+02,0.000000000000000000e+00,0.000000000000000000e+00,0.000000000000000000e+00,0.000000000000000000e+00,0.000000000000000000e+00
1.530000000000000000e+02,1.359223297671788011e-01,1.359223297671788011e-01,1.359223297671788011e-01,1.359223297671788011e-01,1.359223297671788011e-01
1.540000000000000000e+02,9.456264753058475636e-02,9.456264753058475636e-02,9.456264753058475636e-02,9.456264753058475636e-02,9.456264753058475636e-02
1.550000000000000000e+02,1.145833330349392415e-01,1.145833330349392415e-01,1.145833330349392415e-01,1.145833330349392415e-01,1.145833330349392415e-01
1.560000000000000000e+02,0.000000000000000000e+00,0.000000000000000000e+00,0.000000000000000000e+00,0.000000000000000000e+00,0.000000000000000000e+00
1.570000000000000000e+02,9.459459438154370348e-02,9.459459438154370348e-02,9.459459438154370348e-02,9.459459438154370348e-02,9.459459438154370348e-02
1.580000000000000000e+02,9.977324240414231493e-02,9.977324240414231493e-02,9.977324240414231493e-02,9.977324240414231493e-02,9.977324240414231493e-02
1.590000000000000000e+02,0.000000000000000000e+00,0.000000000000000000e+00,0.000000000000000000e+00,0.000000000000000000e+00,0.000000000000000000e+00
1.600000000000000000e+02,8.921161807217506401e-02,8.921161807217506401e-02,8.921161807217506401e-02,8.921161807217506401e-02,8.921161807217506401e-02
1.610000000000000000e+02,1.089588375085742411e-01,1.089588375085742411e-01,1.089588375085742411e-01,1.089588375085742411e-01,1.089588375085742411e-01
1.620000000000000000e+02,1.206030147723542306e-01,1.206030147723542306e-01,1.206030147723542306e-01,1.206030147723542306e-01,1.206030147723542306e-01
1.630000000000000000e+02,0.000000000000000000e+00,0.000000000000000000e+00,0.000000000000000000e+00,0.000000000000000000e+00,0.000000000000000000e+00
1.640000000000000000e+02,9.156626483959935670e-02,9.156626483959935670e-02,9.156626483959935670e-02,9.156626483959935670e-02,9.156626483959935670e-02
1.650000000000000000e+02,1.185983824296539535e-01,1.185983824296539535e-01,1.185983824296539535e-01,1.185983824296539535e-01,1.185983824296539535e-01
1.660000000000000000e+02,0.000000000000000000e+00,0.000000000000000000e+00,0.000000000000000000e+00,0.000000000000000000e+00,0.000000000000000000e+00
1.670000000000000000e+02,9.450549429779012134e-02,9.450549429779012134e-02,9.450549429779012134e-02,9.450549429779012134e-02,9.450549429779012134e-02
1.680000000000000000e+02,8.314087740614116429e-02,8.314087740614116429e-02,8.314087740614116429e-02,8.314087740614116429e-02,8.314087740614116429e-02
1.690000000000000000e+02,0.000000000000000000e+00,0.000000000000000000e+00,0.000000000000000000e+00,0.000000000000000000e+00,0.000000000000000000e+00
1.700000000000000000e+02,9.112149511420211678e-02,9.112149511420211678e-02,9.112149511420211678e-02,9.112149511420211678e-02,9.112149511420211678e-02
1.710000000000000000e+02,9.397590338800987375e-02,9.397590338800987375e-02,9.397590338800987375e-02,9.397590338800987375e-02,9.397590338800987375e-02
1.720000000000000000e+02,9.480812619682138509e-02,9.480812619682138509e-02,9.480812619682138509e-02,9.480812619682138509e-02,9.480812619682138509e-02
1.730000000000000000e+02,0.000000000000000000e+00,0.000000000000000000e+00,0.000000000000000000e+00,0.000000000000000000e+00,0.000000000000000000e+00
1.740000000000000000e+02,7.264957249433852404e-02,7.264957249433852404e-02,7.264957249433852404e-02,7.264957249433852404e-02,7.264957249433852404e-02
1.750000000000000000e+02,8.771929802576616808e-02,8.771929802576616808e-02,8.771929802576616808e-02,8.771929802576616808e-02,8.771929802576616808e-02
1.760000000000000000e+02,0.000000000000000000e+00,0.000000000000000000e+00,0.000000000000000000e+00,0.000000000000000000e+00,0.000000000000000000e+00
1.770000000000000000e+02,8.461538439842208881e-02,8.461538439842208881e-02,8.461538439842208881e-02,8.461538439842208881e-02,8.461538439842208881e-02
1.780000000000000000e+02,8.153477198672716419e-02,8.153477198672716419e-02,8.153477198672716419e-02,8.153477198672716419e-02,8.153477198672716419e-02
1.790000000000000000e+02,0.000000000000000000e+00,0.000000000000000000e+00,0.000000000000000000e+00,0.000000000000000000e+00,0.000000000000000000e+00
1.800000000000000000e+02,7.603686618424684851e-02,7.603686618424684851e-02,7.603686618424684851e-02,7.603686618424684851e-02,7.603686618424684851e-02
1.810000000000000000e+02,7.339449524450804285e-02,7.339449524450804285e-02,7.339449524450804285e-02,7.339449524450804285e-02,7.339449524450804285e-02
1.820000000000000000e+02,6.918238979207046169e-02,6.918238979207046169e-02,6.918238979207046169e-02,6.918238979207046169e-02,6.918238979207046169e-02
1.830000000000000000e+02,0.000000000000000000e+00,0.000000000000000000e+00,0.000000000000000000e+00,0.000000000000000000e+00,0.000000000000000000e+00
1.840000000000000000e+02,8.108108089846603750e-02,8.108108089846603750e-02,8.108108089846603750e-02,8.108108089846603750e-02,8.108108089846603750e-02
1.850000000000000000e+02,6.404958664452564676e-02,6.404958664452564676e-02,6.404958664452564676e-02,6.404958664452564676e-02,6.404958664452564676e-02
1.860000000000000000e+02,2.364066188264618909e-03,2.364066188264618909e-03,2.364066188264618909e-03,2.364066188264618909e-03,2.364066188264618909e-03
1.870000000000000000e+02,6.839622625378248555e-02,6.839622625378248555e-02,6.839622625378248555e-02,6.839622625378248555e-02,6.839622625378248555e-02
1.880000000000000000e+02,7.567567547114682769e-02,7.567567547114682769e-02,7.567567547114682769e-02,7.567567547114682769e-02,7.567567547114682769e-02
1.890000000000000000e+02,8.333333311631944962e-02,8.333333311631944962e-02,8.333333311631944962e-02,8.333333311631944962e-02,8.333333311631944962e-02
1.900000000000000000e+02,0.000000000000000000e+00,0.000000000000000000e+00,0.000000000000000000e+00,0.000000000000000000e+00,0.000000000000000000e+00
1.910000000000000000e+02,8.173076903430104290e-02,8.173076903430104290e-02,8.173076903430104290e-02,8.173076903430104290e-02,8.173076903430104290e-02
1.920000000000000000e+02,8.633093504476993529e-02,8.633093504476993529e-02,8.633093504476993529e-02,8.633093504476993529e-02,8.633093504476993529e-02
1.930000000000000000e+02,0.000000000000000000e+00,0.000000000000000000e+00,0.000000000000000000e+00,0.000000000000000000e+00,0.000000000000000000e+00
1.940000000000000000e+02,6.359649108860418454e-02,6.359649108860418454e-02,6.359649108860418454e-02,6.359649108860418454e-02,6.359649108860418454e-02
1.950000000000000000e+02,6.342494701178658101e-02,6.342494701178658101e-02,6.342494701178658101e-02,6.342494701178658101e-02,6.342494701178658101e-02
1.960000000000000000e+02,0.000000000000000000e+00,0.000000000000000000e+00,0.000000000000000000e+00,0.000000000000000000e+00,0.000000000000000000e+00
1.970000000000000000e+02,8.352668194077335351e-02,8.352668194077335351e-02,8.352668194077335351e-02,8.352668194077335351e-02,8.352668194077335351e-02
1.980000000000000000e+02,6.944444428369341005e-02,6.944444428369341005e-02,6.944444428369341005e-02,6.944444428369341005e-02,6.944444428369341005e-02
1.990000000000000000e+02,0.000000000000000000e+00,0.000000000000000000e+00,0.000000000000000000e+00,0.000000000000000000e+00,0.000000000000000000e+00
2.000000000000000000e+02,7.673267307739436993e-02,7.673267307739436993e-02,7.673267307739436993e-02,7.673267307739436993e-02,7.673267307739436993e-02
2.010000000000000000e+02,5.693069292838937728e-02,5.693069292838937728e-02,5.693069292838937728e-02,5.693069292838937728e-02,5.693069292838937728e-02
2.020000000000000000e+02,7.303370766001766878e-02,7.303370766001766878e-02,7.303370766001766878e-02,7.303370766001766878e-02,7.303370766001766878e-02
2.030000000000000000e+02,0.000000000000000000e+00,0.000000000000000000e+00,0.000000000000000000e+00,0.000000000000000000e+00,0.000000000000000000e+00
2.040000000000000000e+02,5.707196015614898060e-02,5.707196015614898060e-02,5.707196015614898060e-02,5.707196015614898060e-02,5.707196015614898060e-02
2.050000000000000000e+02,7.272727256198346923e-02,7.272727256198346923e-02,7.272727256198346923e-02,7.272727256198346923e-02,7.272727256198346923e-02
2.060000000000000000e+02,0.000000000000000000e+00,0.000000000000000000e+00,0.000000000000000000e+00,0.000000000000000000e+00,0.000000000000000000e+00
2.070000000000000000e+02,5.846774181760536204e-02,5.846774181760536204e-02,5.846774181760536204e-02,5.846774181760536204e-02,5.846774181760536204e-02
2.080000000000000000e+02,6.428571413265306289e-02,6.428571413265306289e-02,6.428571413265306289e-02,6.428571413265306289e-02,6.428571413265306289e-02
2.090000000000000000e+02,6.112469422707898781e-02,6.112469422707898781e-02,6.112469422707898781e-02,6.112469422707898781e-02,6.112469422707898781e-02
2.100000000000000000e+02,0.000000000000000000e+00,0.000000000000000000e+00,0.000000000000000000e+00,0.000000000000000000e+00,0.000000000000000000e+00
2.110000000000000000e+02,7.259953144590274021e-02,7.259953144590274021e-02,7.259953144590274021e-02,7.259953144590274021e-02,7.259953144590274021e-02
2.120000000000000000e+02,7.948717928336621052e-02,7.948717928336621052e-02,7.948717928336621052e-02,7.948717928336621052e-02,7.948717928336621052e-02
2.130000000000000000e+02,0.000000000000000000e+00,0.000000000000000000e+00,0.000000000000000000e+00,0.000000000000000000e+00,0.000000000000000000e+00
2.140000000000000000e+02,7.194244587064162200e-02,7.194244587064162200e-02,7.194244587064162200e-02,7.194244587064162200e-02,7.194244587064162200e-02
2.150000000000000000e+02,6.770833315700955368e-02,6.770833315700955368e-02,6.770833315700955368e-02,6.770833315700955368e-02,6.770833315700955368e-02
2.160000000000000000e+02,6.852248379331374317e-02,6.852248379331374317e-02,6.852248379331374317e-02,6.852248379331374317e-02,6.852248379331374317e-02
2.170000000000000000e+02,0.000000000000000000e+00,0.000000000000000000e+00,0.000000000000000000e+00,0.000000000000000000e+00,0.000000000000000000e+00
2.180000000000000000e+02,6.507592176773119297e-02,6.507592176773119297e-02,6.507592176773119297e-02,6.507592176773119297e-02,6.507592176773119297e-02
2.190000000000000000e+02,6.060606046478773934e-02,6.060606046478773934e-02,6.060606046478773934e-02,6.060606046478773934e-02,6.060606046478773934e-02
2.200000000000000000e+02,0.000000000000000000e+00,0.000000000000000000e+00,0.000000000000000000e+00,0.000000000000000000e+00,0.000000000000000000e+00
2.210000000000000000e+02,5.910165470661547099e-02,5.910165470661547099e-02,5.910165470661547099e-02,5.910165470661547099e-02,5.910165470661547099e-02
2.220000000000000000e+02,7.783018849568351660e-02,7.783018849568351660e-02,7.783018849568351660e-02,7.783018849568351660e-02,7.783018849568351660e-02
2.230000000000000000e+02,0.000000000000000000e+00,0.000000000000000000e+00,0.000000000000000000e+00,0.000000000000000000e+00,0.000000000000000000e+00
2.240000000000000000e+02,6.326034047868529797e-02,6.326034047868529797e-02,6.326034047868529797e-02,6.326034047868529797e-02,6.326034047868529797e-02
2.250000000000000000e+02,6.701030910564353960e-02,6.701030910564353960e-02,6.701030910564353960e-02,6.701030910564353960e-02,6.701030910564353960e-02
2.260000000000000000e+02,7.594936689633072224e-02,7.594936689633072224e-02,7.594936689633072224e-02,7.594936689633072224e-02,7.594936689633072224e-02
2.270000000000000000e+02,0.000000000000000000e+00,0.000000000000000000e+00,0.000000000000000000e+00,0.000000000000000000e+00,0.000000000000000000e+00
2.280000000000000000e+02,5.787037023641117967e-02,5.787037023641117967e-02,5.787037023641117967e-02,5.787037023641117967e-02,5.787037023641117967e-02
2.290000000000000000e+02,6.709956695432994778e-02,6.709956695432994778e-02,6.709956695432994778e-02,6.709956695432994778e-02,6.709956695432994778e-02
2.300000000000000000e+02,0.000000000000000000e+00,0.000000000000000000e+00,0.000000000000000000e+00,0.000000000000000000e+00,0.000000000000000000e+00
2.310000000000000000e+02,4.646464637077848958e-02,4.646464637077848958e-02,4.646464637077848958e-02,4.646464637077848958e-02,4.646464637077848958e-02
2.320000000000000000e+02,6.619385327140933639e-02,6.619385327140933639e-02,6.619385327140933639e-02,6.619385327140933639e-02,6.619385327140933639e-02
2.330000000000000000e+02,2.409638548410509683e-03,2.409638548410509683e-03,2.409638548410509683e-03,2.409638548410509683e-03,2.409638548410509683e-03
2.340000000000000000e+02,6.206896537455409979e-02,6.206896537455409979e-02,6.206896537455409979e-02,6.206896537455409979e-02,6.206896537455409979e-02
2.350000000000000000e+02,6.100795739785687399e-02,6.100795739785687399e-02,6.100795739785687399e-02,6.100795739785687399e-02,6.100795739785687399e-02
2.360000000000000000e+02,0.000000000000000000e+00,0.000000000000000000e+00,0.000000000000000000e+00,0.000000000000000000e+00,0.000000000000000000e+00
2.370000000000000000e+02,6.281407019393449309e-02,6.281407019393449309e-02,6.281407019393449309e-02,6.281407019393449309e-02,6.281407019393449309e-02
2.380000000000000000e+02,7.177033475653030181e-02,7.177033475653030181e-02,7.177033475653030181e-02,7.177033475653030181e-02,7.177033475653030181e-02
2.390000000000000000e+02,6.067961150320482638e-02,6.067961150320482638e-02,6.067961150320482638e-02,6.067961150320482638e-02,6.067961150320482638e-02
2.400000000000000000e+02,0.000000000000000000e+00,0.000000000000000000e+00,0.000000000000000000e+00,0.000000000000000000e+00,0.000000000000000000e+00
2.410000000000000000e+02,5.579399129657941492e-02,5.579399129657941492e-02,5.579399129657941492e-02,5.579399129657941492e-02,5.579399129657941492e-02
2.420000000000000000e+02,6.278026891753303584e-02,6.278026891753303584e-02,6.278026891753303584e-02,6.278026891753303584e-02,6.278026891753303584e-02
2.430000000000000000e+02,0.000000000000000000e+00,0.000000000000000000e+00,0.000000000000000000e+00,0.000000000000000000e+00,0.000000000000000000e+00
2.440000000000000000e+02,4.563492054437515849e-02,4.563492054437515849e-02,4.563492054437515849e-02,4.563492054437515849e-02,4.563492054437515849e-02
2.450000000000000000e+02,5.714285700680272334e-02,5.714285700680272334e-02,5.714285700680272334e-02,5.714285700680272334e-02,5.714285700680272334e-02
2.460000000000000000e+02,4.895104883694394171e-02,4.895104883694394171e-02,4.895104883694394171e-02,4.895104883694394171e-02,4.895104883694394171e-02
2.470000000000000000e+02,0.000000000000000000e+00,0.000000000000000000e+00,0.000000000000000000e+00,0.000000000000000000e+00,0.000000000000000000e+00
2.480000000000000000e+02,4.830917862727251294e-02,4.830917862727251294e-02,4.830917862727251294e-02,4.830917862727251294e-02,4.830917862727251294e-02
2.490000000000000000e+02,6.020942392615333955e-02,6.020942392615333955e-02,6.020942392615333955e-02,6.020942392615333955e-02,6.020942392615333955e-02
2.500000000000000000e+02,0.000000000000000000e+00,0.000000000000000000e+00,0.000000000000000000e+00,0.000000000000000000e+00,0.000000000000000000e+00
2.510000000000000000e+02,5.958549207361271693e-02,5.958549207361271693e-02,5.958549207361271693e-02,5.958549207361271693e-02,5.958549207361271693e-02
2.520000000000000000e+02,4.367816081913066667e-02,4.367816081913066667e-02,4.367816081913066667e-02,4.367816081913066667e-02,4.367816081913066667e-02
2.530000000000000000e+02,0.000000000000000000e+00,0.000000000000000000e+00,0.000000000000000000e+00,0.000000000000000000e+00,0.000000000000000000e+00
2.540000000000000000e+02,3.973509925003289311e-02,3.973509925003289311e-02,3.973509925003289311e-02,3.973509925003289311e-02,3.973509925003289311e-02
2.550000000000000000e+02,4.042553182888184576e-02,4.042553182888184576e-02,4.042553182888184576e-02,4.042553182888184576e-02,4.042553182888184576e-02
2.560000000000000000e+02,4.590818354110143273e-02,4.590818354110143273e-02,4.590818354110143273e-02,4.590818354110143273e-02,4.590818354110143273e-02
2.570000000000000000e+02,2.262443433795377056e-03,2.262443433795377056e-03,2.262443433795377056e-03,2.262443433795377056e-03,2.262443433795377056e-03
2.580000000000000000e+02,5.225653194238353422e-02,5.225653194238353422e-02,5.225653194238353422e-02,5.225653194238353422e-02,5.225653194238353422e-02
2.590000000000000000e+02,4.511278184182260231e-02,4.511278184182260231e-02,4.511278184182260231e-02,4.511278184182260231e-02,4.511278184182260231e-02
2.600000000000000000e+02,0.000000000000000000e+00,0.000000000000000000e+00,0.000000000000000000e+00,0.000000000000000000e+00,0.000000000000000000e+00
2.610000000000000000e+02,3.932584258616336065e-02,3.932584258616336065e-02,3.932584258616336065e-02,3.932584258616336065e-02,3.932584258616336065e-02
2.620000000000000000e+02,4.709141261193514755e-02,4.709141261193514755e-02,4.709141261193514755e-02,4.709141261193514755e-02,4.709141261193514755e-02
2.630000000000000000e+02,0.000000000000000000e+00,0.000000000000000000e+00,0.000000000000000000e+00,0.000000000000000000e+00,0.000000000000000000e+00
2.640000000000000000e+02,4.773269678345418154e-02,4.773269678345418154e-02,4.773269678345418154e-02,4.773269678345418154e-02,4.773269678345418154e-02
2.650000000000000000e+02,4.301075259567579967e-02,4.301075259567579967e-02,4.301075259567579967e-02,4.301075259567579967e-02,4.301075259567579967e-02
2.660000000000000000e+02,2.433090018410972999e-03,2.433090018410972999e-03,2.433090018410972999e-03,2.433090018410972999e-03,2.433090018410972999e-03
2.670000000000000000e+02,3.398058244179470028e-02,3.398058244179470028e-02,3.398058244179470028e-02,3.398058244179470028e-02,3.398058244179470028e-02
2.680000000000000000e+02,4.102564092044707483e-02,4.102564092044707483e-02,4.102564092044707483e-02,4.102564092044707483e-02,4.102564092044707483e-02
2.690000000000000000e+02,3.147699750247700407e-02,3.147699750247700407e-02,3.147699750247700407e-02,3.147699750247700407e-02,3.147699750247700407e-02
2.700000000000000000e+02,0.000000000000000000e+00,0.000000000000000000e+00,0.000000000000000000e+00,0.000000000000000000e+00,0.000000000000000000e+00
2.710000000000000000e+02,4.271356773187545697e-02,4.271356773187545697e-02,4.271356773187545697e-02,4.271356773187545697e-02,4.271356773187545697e-02
2.720000000000000000e+02,5.527638177066235975e-02,5.527638177066235975e-02,5.527638177066235975e-02,5.527638177066235975e-02,5.527638177066235975e-02
2.730000000000000000e+02,0.000000000000000000e+00,0.000000000000000000e+00,0.000000000000000000e+00,0.000000000000000000e+00,0.000000000000000000e+00
2.740000000000000000e+02,3.544303788495433566e-02,3.544303788495433566e-02,3.544303788495433566e-02,3.544303788495433566e-02,3.544303788495433566e-02
2.750000000000000000e+02,4.785894194493969106e-02,4.785894194493969106e-02,4.785894194493969106e-02,4.785894194493969106e-02,4.785894194493969106e-02
2.760000000000000000e+02,4.587155952781752505e-02,4.587155952781752505e-02,4.587155952781752505e-02,4.587155952781752505e-02,4.587155952781752505e-02
2.770000000000000000e+02,0.000000000000000000e+00,0.000000000000000000e+00,0.000000000000000000e+00,0.000000000000000000e+00,0.000000000000000000e+00
2.780000000000000000e+02,3.153153146051456551e-02,3.153153146051456551e-02,3.153153146051456551e-02,3.153153146051456551e-02,3.153153146051456551e-02
2.790000000000000000e+02,3.933747403863877001e-02,3.933747403863877001e-02,3.933747403863877001e-02,3.933747403863877001e-02,3.933747403863877001e-02
2.800000000000000000e+02,0.000000000000000000e+00,0.000000000000000000e+00,0.000000000000000000e+00,0.000000000000000000e+00,0.000000000000000000e+00
2.810000000000000000e+02,3.311258270836074658e-02,3.311258270836074658e-02,3.311258270836074658e-02,3.311258270836074658e-02,3.311258270836074658e-02
2.820000000000000000e+02,3.066037728617835439e-02,3.066037728617835439e-02,3.066037728617835439e-02,3.066037728617835439e-02,3.066037728617835439e-02
2.830000000000000000e+02,5.434782593927221621e-03,5.434782593927221621e-03,5.434782593927221621e-03,5.434782593927221621e-03,5.434782593927221621e-03
2.840000000000000000e+02,3.685503676448394217e-02,3.685503676448394217e-02,3.685503676448394217e-02,3.685503676448394217e-02,3.685503676448394217e-02
2.850000000000000000e+02,3.571428561616954434e-02,3.571428561616954434e-02,3.571428561616954434e-02,3.571428561616954434e-02,3.571428561616954434e-02
2.860000000000000000e+02,0.000000000000000000e+00,0.000000000000000000e+00,0.000000000000000000e+00,0.000000000000000000e+00,0.000000000000000000e+00
2.870000000000000000e+02,3.508771921030647001e-02,3.508771921030647001e-02,3.508771921030647001e-02,3.508771921030647001e-02,3.508771921030647001e-02
2.880000000000000000e+02,3.579952258759063616e-02,3.579952258759063616e-02,3.579952258759063616e-02,3.579952258759063616e-02,3.579952258759063616e-02
2.890000000000000000e+02,0.000000000000000000e+00,0.000000000000000000e+00,0.000000000000000000e+00,0.000000000000000000e+00,0.000000000000000000e+00
2.900000000000000000e+02,3.508771921030647001e-02,3.508771921030647001e-02,3.508771921030647001e-02,3.508771921030647001e-02,3.508771921030647001e-02
2.910000000000000000e+02,2.830188672570309663e-02,2.830188672570309663e-02,2.830188672570309663e-02,2.830188672570309663e-02,2.830188672570309663e-02
2.920000000000000000e+02,3.999999991111111153e-02,3.999999991111111153e-02,3.999999991111111153e-02,3.999999991111111153e-02,3.999999991111111153e-02
2.930000000000000000e+02,0.000000000000000000e+00,0.000000000000000000e+00,0.000000000000000000e+00,0.000000000000000000e+00,0.000000000000000000e+00
2.940000000000000000e+02,3.826530602483340510e-02,3.826530602483340510e-02,3.826530602483340510e-02,3.826530602483340510e-02,3.826530602483340510e-02
2.950000000000000000e+02,2.756892223666936731e-02,2.756892223666936731e-02,2.756892223666936731e-02,2.756892223666936731e-02,2.756892223666936731e-02
2.960000000000000000e+02,0.000000000000000000e+00,0.000000000000000000e+00,0.000000000000000000e+00,0.000000000000000000e+00,0.000000000000000000e+00
2.970000000000000000e+02,3.605769222101515986e-02,3.605769222101515986e-02,3.605769222101515986e-02,3.605769222101515986e-02,3.605769222101515986e-02
2.980000000000000000e+02,3.713527841608679769e-02,3.713527841608679769e-02,3.713527841608679769e-02,3.713527841608679769e-02,3.713527841608679769e-02
2.990000000000000000e+02,3.899721437605233043e-02,3.899721437605233043e-02,3.899721437605233043e-02,3.899721437605233043e-02,3.899721437605233043e-02
